{"SoundVolume":0.08628254,"Light":0.317773521,"FPS_Limit":30,"LastLogin":"2024-06-25T16:47:49.8269779+09:00","TodayCard":3}